ProductId,Score,Summary,Text
B002FJM9SU,5,Good food for baby and toddlers,I was pleased with this product for my baby. She has used organic formula along w/ breastfeeding. I was very confident feeding her this as I had done much research.
B002FJM9SU,5,Has worked great for us,My baby has been on this from 5 months and has worked great. He is now 14 months and thriving. I wish I knew about this when daughter was on formula.
B002FJM9SU,5,Totally outstanding,"Here is why this is the perfect formula:<br />1. Organic<br />2. No corn syrup solids (almost impossible to find this)<br />3. Fortified with DHA<br />4. DHA is extracted using organic processes versus the indrustry standard of using hexane (toxic for the environment, at the very least)<br />5. Great taste<br /><br />Our daughter is 13 months - we do 1/2 organic whole milk, 1/2 this formula.  She was breastfed for the first year, and transitioned easily to this formula.<br /><br />Highly recommended!!"
B002FJM9SU,5,Switching baby from exclusive breast fed to this formula at 1 year!,"So I know that it is ok to give a baby cow's milk at 1 year old, but I have exclusively breastfed and my son has never had any formula or cow's milk before 1 year.  So I am transitioning to this, it has more vitamins than regular milk, it doesn't stink like formula (while it doesn't smell great, but I'm used to breast milk) and I think it is a healthier option than giving him regular whole milk.  I am still weaning---down to 2 nursing sessions a day) but I am doing 50% breast milk with 50% formula and he seems to like it fine!  The first time I tried it, he furrowed his brow a couple of times but still drank 4 oz (I have never been able to get my son to drink more than 5 or 6 oz from a bottle).  So we are very pleased, I am going to taper him over to this gradually from breast milk so hopefully he will  have no problems and will hardly notice the transition.  I'm planning to do 70% formula to 30% breast milk next week and then just straight formula, depending on how long my breast milk stash lasts.<br /><br />I honestly believe the hardest part in introducing any food/milk is patience and consistency.  I think I have put peas and sweet potatoes  in front of my son 8 times until one day he decided he would eat it.  I think so much of it is nutrition training..."
B002FJM9SU,1,arsenic,"I used this formula for my baby thinking I was getting the best (with all the info about hexane, DHA, etc.). But recently it was out in the news that Baby's Only, both dairy and soy formulas, contain arsenic levels 20-30x more than that of other formulas. Now that is a huge difference.<br />  Because the 2 official statements this company has come out with are just denials of what the studies have shown, I no longer trust this company. Why not just replace brown rice syrup with another sweetener? But they continue to claim brown rice syrup is safe, when it's been found to contain high levels of arsenic. Safety should be the priority, especially when you're dealing with infants/toddlers, not profit."
B002FJM9SU,1,Doctors said to discontinue due to highest arsenic levels of any formula out there,"After consulting with many doctors in our area, ww decided to discontinue this formula.  The high levels of inorganic arsenic in this formula are believed to increase the risk of many cancers, diabetes etc.  Although we have been feeding this stuff to our baby for about 6 months, the doctors said it is no cause for alarm, but to be on the safe side to change to any formula that does not contain brown rice syrup as its principal ingredient, until more studies have been completed.  It is astounding to me that the brown rice syrup is not regularly being tested by Nature's one because he FDA does not have any firm standards for arsenic.  What a cop out.  This is completely irresponsible considering its the main ingredient.  I did a lot of research before feeding this to my child and wanted to believe that this was the best formula out there but I feel like we have been let down.  I guess I have to rethink that idea that anything labeled ""organic"" is made with purest, ethical ingredients.  Anyway, I know other formulas have their drawbacks too (hexane, etc), but they are much lower risk than the inorganic arsenic which i read takes about 2-3 days clear half of it from the body and about 7 months eliminate all of it.  Look elsewhere."
B002FJM9SU,1,Baby's Only - Only if you want arsenic (Recalled in Canada),"We used this product for many months only to find out recently that it had elevated inorganic arsenic levels equal or higher than the FDA standard for drinking water.  The company refuses to publish testing results, likely out of fear that they are higher than what the Dartmouth study revealed.  This company is not honest with its customers.  AVOID AT ALL COST.  My daughter will be tested for arsenic shortly - I repeat this company is not ethical - go to their facebook page and see the number of unhappy parents.<br /><br />Do your research and find another formula.<br /><br />P.S.- 2/27/12 - The Canadian version of the FDA has issued a recall on all Nature One products."
B002FJM9SU,2,Another baby with (bad) constipation,Formula tastes good and is high quality but our poor girl got serious constipation from drinking it (we made sure by changing only one thing in the diet).
B002FJM9SU,1,Do your research,"If you do a search for ""arsenic baby formula"" you will see the results of a study that showed that this formula contains high levels of arsenic.  Read the study, make your own decisions.  The study isn't talking about organic baby formula in general, it is specifically this brand, this formula.<br /><br />When I told my pediatrician we were giving our daughter organic formula, she made sure we were not using this brand.  Unfortunately, we bought this before reading the study.  We won't be using this formula.  Instead, we're going with Vermont Organics.<br /><br />**Update**<br /><br />A recent article in Consumer Reports shows that Baby's Only has made an effort to remove arsenic in their formula.  Look for a use-by date of January 2014 (Dairy with DHA & ARA), July 2015 (Dairy), or later.  In these newer formulas, arsenic is undetectable.<br /><br />I'm leaving it at 1 star because I have 3 cans of this that I can't return and that I'll never use.  I won't be buying the new formula because my daughter is already enjoying Vermont Organics and there's no point switching, so I don't know if the new stuff is any good."
B002FJM9SU,5,Safe and great for my child,"I am happy with my product. I bought this and it is safe for my child because they didn't have constipation. He loves it, I reccommend all parents try it on their toddlers and babies."
B002FJM9SU,1,ARESENIC,I would give it a zero if I could. Please do not give this to your child. I have been giving it to my 9 month old for 4 months now. Look into the formula history and the non-bias studies showing that there is arsenic in the Organic Brown Rice Syrup. Please do your research and do NOT give your little one this formula. We as parents go out and research and try to provide the very best for our children and this company is okay with the amount of arsenic that is in their formula. I am not okay with that...there should be NO pesticides in the formula. Shame on YOU Nature's One Shame on YOU. Please do not be deceived like I was.
B002FJM9SU,1,Do your research first. Contains Arsenic from Brown Rice Syrup!,"i've switched to Earth's Best since..Organic Brown Rice Syrup is the main ingredient and reports have shown that Organic Brown Rice Syrup: Hidden Arsenic Source.<br />This formula is VERY sweet, like a milkshake. Beware!I'm very upset bc i pay a lot of $ for organic only to find there's hidden dangers such as arsenic.<br /><br />[...]<br />[...]"
B002FJM9SU,5,Don't be fooled by the arsenic reports,I hate seeing recent 1 star reports due the flawed arsenic study. Do your research and you'll realize this is the best formula out there. There are no better alternatives.<br /><br />Diego.
B002FJM9SU,5,"Nothings perfect, but we love this formula!","My twins have been on this formula since they were about 7 months old.  It was an easy transition for them from breastmilk... no constipation or anything.  I did a lot of research at the time to try to find the best formula for them.  I was really impressed with the high quality ingredients, lack of corn by-products, etc.  I ruled out other formulas one by one due to other concerns (hexane, bpa, etc).  Now my girls are almost a year old and we are almost done with formula and there are reports out about arsenic concerns.  It is a bit alarming, however I'm not sure what I would switch them to since I already ruled out all of the other for various reasons!  Certainly can't go back to breastfeeding at this point.  It seems that everything out there from baby formula to apple juice to baby shampoo has something in it that's bad for us.  It's a scary world for a parent, trying to find the best products for our children.  But at some point we just have to take a deep breath and relax.  We're doing the best we can.  My babies have been happy and healthy while on this formula.  They are chubby and regular.  I don't plan on switching them to any other formula (which would have some other ingredient for me to be concerned about).  My only advice to moms out there is to breastfeed for as long as you can!"
B002FJM9SU,5,"Tips: My baby started this from 2 weeks and is now a happy, healthy 9 mo old.","I had previously had three babies that breastfed like pros, but my fourth child had to have formula because she did not suck strong enough to make my milk supply stay at all and for some reason pumps don't work for me--even the hospital ones : (<br /><br />At two weeks I started transitioning my baby from Enfamil newborn to Baby's Only.  I did half and half for 2 canisters worth.  Yes, she did get constipated a bit, but I only had to use a glycerin enema twice.  These are the tips I have.<br /><br />1. Water it down a bit--3 oz of water for each scoop.  After about a month I realized that this combo of 3 oz to each scoop worked much better for my daughter.  She has been using this mixture for 7 months and is growing very well.  This also saves you money on formula and is my most important tip. : )<br /><br />2. Stir or swish around, do not shake up and down.  Luckily I have wide mouth bottles--Tommee Tippee bottles.  If you use a clean craft stick or something to stir it with or you can swish it around in a circular way it does not make bubbles.  If you shake it up and down it makes a TON of bubbles that don't pop very easily and your baby will not be happy with a bubbly tummy.<br /><br />3. Give it some time to transition.  If you are transitioning from breastmilk--that is great, just do half and half for about 2 weeks and then the next week or two do 1/4 part breastmilk or old formula and 3/4 part Baby's Only.  Just in case your baby does get constipated, have Fleet glycerin enemas on hand if your baby hasn't pooped in 2 or more days and is getting uncomfortable.<br /><br />If you have a Sprouts (grocery store) nearby they also sell this and it is a bit cheaper.  Plus, if you buy a case you get 10% off.<br /><br />This formula is wonderful and can work for your baby, even if it takes a little bit of time to get used to.  Best wishes."
B002FJM9SU,1,WARNING ARSENIC,brown rice and rice in general has a lot of arsenic! any rice or brown rice syrup from texas and other southern states is dangerous! avoid this!!! when eating rice products buy rice from asia.
B002FJM9SU,1,The worst constipation!,"My lo never had a problem with any formular such as, similac, enfamil, gerber and etc EXCEPT Baby's only.<br />This formula gave him the worst constipation ever.  I noticed that he didn't have bowel movements for a few days, and I was a bit worried, then one day, I saw him trying to push, his face turned really red,<br />crying so hard in pain.  When I took off his diaper to see what was going on, I was horrified to see that<br />his bottom was bleeding as the big hard stool was stuck in his buttock.  My lo was just 5 months old, and was desperately trying to push it out, but he couldn't.  So, I had to dig the stool out with oiled q-tips.<br />The stool eventually came out with 15 min of struggle, but I felt like an hour.<br />The bleeding wasn't light, so I had to take him to our doctor.  The doctor told me it left several fissures<br />in his anus. I threw away two unopened cans in the garbage as soon as I returned home.<br />As soon as I changed his formula to another brand, he became a happy baby once again."
B002FJM9SU,2,"Great product, but didn't work out","Approximately one month ago, we needed to start supplementing with formula as my milk supply wasn't enough for our 5 month old. I wanted to provide the best possible alternative and came up with Baby's Only. I agree that the ingredients are great...nutritious without any unnecessary extras. She seemed to do ok when I made bottles with half breastmilk and half formula. However, this past week we have gone to full formula bottles and unfortunately she hasn't been able to tolerate it. The powder is thick and doesn't dissolve very well. So I end up stirring it which causes a ton of air bubbles. This has in turn caused some major gas pains and sleepless nights for her. I also noticed that she was starting to become constipated. Reluctantly, I switched to a mainstream brand of formula and she has been doing great. It dissolves almost immediately, no air bubbles and looks a lot like my own milk."
B002FJM9SU,1,DO NOT BUY!!!,"Do not buy!! I did some research on brown rice syrup (#1 ingredient in this formula) and studies show that dangerous amounts of arsenic were found in organic powdered baby formula, intended for toddlers, whose top ingredient was brown rice syrup. These formulas contained six times more arsenic than the Environmental Protection Agency considers safe for the water supply. It seems there are no safe toddler formulas anymore.. Enfagrow used to be my choice, but they changed to high fructose corn syrup and almost doubled the amount of sugar in their formula... I am a firm believer that everything is okay in moderation, even high fructose corn syrup, but this is not needed in a toddler formula that they will be consuming many ounces of each day....I think I will just stick with Horizon Organic Milk with DHA and OMEGA 3... I will just have to get my daughter some iron in her foods that she is fed though out the day... I breastfed all of my children until they were 1, but liked to give them the toddler formula after they turned 1 in order to get the iron that they needed. Just think twice before purchasing any of these toddler formulas!!"
B002FJM9SU,1,"NOT GOOD!, ARSENIC ETC... + NO CALL BACK, NOW USING HOLLE","We had been feeding our baby for weeks using this formula, but then realized the studies recently found.<br />I guess we did not want to believe it but call the company after all. First it was hard to get someone qualified about the issue, the lady was nice but couldn't help us.<br />So she toke our number saying someone would get back to us, but nobody ever did, do they want to stay away from the arsenic issue???<br />Nutrition is so important in a babies first few months of life that we now use another brand and have moved on from this one.<br />It's so dissapointing that they have to add sweetner anyway! I mean it's a baby formula, and being one of the first ingredient it tells you a lot.<br />We now use the Holle brand, it was very hard to get before but fortunately now avaiable on amazon! Much better quality, more organic and especially no added extra useless stuff that should not be in a baby diet!"
B002FJM9SU,1,High Levels of Arsenic found in brown rice syrup which causes cancer,"Nature's one submitted samples to the FDA to test for arsenic, the tests are complete but Nature's one won't release the numbers. Will the FDA release these numbers? The wait smells fishy here. Arsenic can cause cancer and other chronic illnesses.  All concerned parents should stop this product from natures one until they prove through FDA that their baby formula products do not contain high levels of Arsenic or no Arsenic for that matter.  Natures one SHAME on you for deceiving millions of innocent parents and little angles who do not know anything about capitalism and money greedy companies who self claim they are the best in what they do when they aren't.<br /><br />[...]"
B002FJM9SU,1,Brown Rice Syrup contains arsenic!,A new study found that baby formulas that had brown rice syrup  as the main ingredient had twenty times the legal limit of arsenic in them.<br />[...]
B002FJM9SU,1,DO NOT BUY - Contains high levels of arsenic,"As some of the other reviewers have noted, Baby's Only Organic Formula contains high levels of arsenic. I would love to have exclusively breastfed, but, due to a low milk supply that couldn't meet my baby's needs, I have to supplement with formula. I did a ton of research before buying Baby's Only and thought I was giving my baby the next best thing to breastmilk. I didn't want to buy Earth's Best because it contains hexane. Baby's Only was the only organic formula I could find without hexane. So I was appalled when I learned that Baby's Only dairy formula tested for high levels of arsenic (read the story on the Boston Globe's website: ""Arsenic hidden in baby formula, cereal bars, and energy shots?"") due to the brown rice syrup in it. Baby's Only hasn't issued a recall, voluntary or otherwise. I cannot believe this formula is still being sold. DO NOT BUY BABY'S ONLY. I ended up ordering another organic formula called Holle from a website in Germany. It's not available in the US, but the international shipping cost was worth it for my baby's health."
B002FJM9SU,5,The ONLY Organic Toddler formula,This is the only Organic Toddler formula we could find. I have no idea why no others exist. Why would you give your kid anything but Organic for milk?
B002FJM9SU,1,Arsenic,"I am so upset....I fed my baby this giving her 1 to 2 bottles in order to supplement the breast milk.  My child got ill.  She had very bad diarrhea and had blood in her stools.  Tests were taken and came back negative for salmonella and ecoli. My pediatrician had recommended I stop giving this formula because she didn't think it gave my child the nutritional value she needed so I stopped giving it to her.  She got better and recovered.  I didn't know why she got ill, now I'm wondering if it was due to this formula :(<br /><br />Breastfeeding is best, I know this, but I what formula is safe to supplement with?  We don't have many choices so I will continue to try to get my milk supply up.<br /><br />Very upset!"
B002FJM9SU,4,like the product.....didn't like the shipping,Love this product but when we got these shipped over half of the cans were dented. I will not be ordering from them again. Will buy in store.
B002FJM9SU,1,Buyer Beware,"Nature's One, the company that makes Baby's Only, has done nothing but lied, deceived, evaded and deflected blame since the arsenic finding was publicized. They're not even regulated by the FDA, though their reps will tell you they are if you call them! I wish I'd never heard of this company. Roll the dice with another brand. This one can't even be considered the best of the worst."
B002FJM9SU,3,"Great tatste, but 1/3 the calories","I bought this formula for my 12 month old baby. He loved it. The taste is great and I have not had the mixing problems mentioned by another review. The only problem is that my son started to wake up at 3am hungry, even though I was giving him the same amount of formula. I looked at the nutrition information and noticed that the formula has less than half the calories that Enfagrow next step has. Once I switched back he started sleeping through the night again. For a growing baby boy who needs all the calories he can get, I do not recommend this formula. There is no price to my baby's health, yet when this cost twice as much as the other brands and still does not fill it is really not worth it."
B002FJM9SU,4,"Good product, bad shipping","The product seems to be highly rated by parents and is a good value. However, the shipper delivered my order to the wrong house and when I called Amazon, I was told the tracking info was wrong and to wait another day. It turns out it was delivered the right day, but to the wrong house. Thanks to my neighbor, I did get the formula a day later. What's the point of getting 2-day shipping if it is not delivered to the right place on the right day? I'll give it one more try. If there is shipping problem again, I will buy this product elsewhere.<br /><br />The second order went much smoother. I will be ordering this product from Amazon again."
B002FJM9SU,5,"It clearly says ""TODDLER"" formula!","In other words.. Do not feed to newborns or infants!<br /><br />I'm reading about all these babies reacting with constipation, and as a mother of 3, it makes me feel bad that those babies have to go thru all that pain!<br /><br />C'mon people!  A little bit of common sense isn't gonna hurt."
B002FJM9SU,1,Natures' One Deleted My Post from their Facebook page.,"Nature's One deleted my post from their Facebook page so I am posting my doctors recommendations here.<br /><br />If there is any question whether this company is hiding something it was quickly answered after they deleted my post in which I described recommendations that I received from the toxicologists at Environmental Health Sciences at Children's Hospital in Boston, MA.  This department specifically deals with public health issues regarding environmental toxins so I believe their opinions are less biased than that of Natures One or their ""independent researchers.""<br /><br />Anyway, I have been feeding my baby this formula since she was born 5 months ago.  I was concerned after hearing the news report regarding the levels of inorganic arsenic in the brown rice syrup so I called my local pediatrician who recommended that I call Children's Hospital.  The toxicologist recommended that I stop using any formula that contains brown rice syrup as its principal ingredient along with any other baby food products with it until they have more information. He mentioned the Dartmouth study stating the brown rice syrup has well over the recommended amount of inorganic arsenic, about 6x times past the limit.<br /><br />It was a relief to hear from the toxicologist that I need not worry about any acute or chronic arsenic toxicity for my baby, and that she does not require any urine, blood or hair tests.  This is in contrast to what many other pediatricians have recommended for their parents who are feeding their children the same formula.  The toxicologist believes that my daughter's risks to developing any illness, cancer etc was less than 1% greater than a child who had not been given the formula, so that was very reassuring.<br /><br />After hearing these recommendations from Children's Hospital I could see how someone would still continue using the Natures One product because the health risks are low, however I opted to switch because I realize my role as a parent is to reduce any risks to my child, even if it is less than 1%. There are so many other chemical risks out there that I feel any risks that you can take off the table would help protect my child because it is probably the cumulative effect off all these chemicals that leads to adverse problems. And i figure if those people who have a Masters in Public Health are recommending to discontinue it who am I to disagree with them.<br /><br />An ethical company would have taken the Dartmouth study information and told the public that they will try to improve on their product, ie. reduce the inorganic arsenic, however, they still claim they make the finest baby formula out there.  Their website says they are looking out for the health of our children but refuse to recall or change their product which speaks for itself.<br /><br />In light of them deleting my post above from their Facebook page, it appears that they definitely have something to hide, as I was just posting public health information that I felt people in my situation would like to know given to me by one of the most reputable health institutions (Children's Hospital) in the world.<br /><br />Obviously, I would give this product zero stars if I could.  Hope this info helps some of those confused, concerned parents out there like me.<br /><br />UPDATE #1*** please read the article from the Huffington Post written Dr. Gary Ginsberg, a toxicologist from Yale.  It is in line with the recommendations from Children's Hospital of Boston.<br /><br />UPDATE #2*** I received a response from Dr. Gary Ginsburg in response to the new testing results by Nature's One.  Looks like their testing results indicate an even worse situation than originally thought.  Here is the response from Dr. Ginsburg: ""Seeing your comment made me hopeful that this is just lab error, a false alarm. However, saying that Dartmouth doesn't know how to measure arsenic is like saying Roger Federer doesn't know how to play tennis. The Nature's One press release sounded scientific - they explain how the Dartmouth analysis was different from their method and why theirs was better. But when you click on their own results - in 3 samples of their baby formula, the inorganic arsenic is actually greater (53 to 83 ppb) than the Dartmouth results (10-20 ppb)!! So calling the Dartmouth results too high and flawed is an insult to Dartmouth as well as to all of us. Further, they compare their results to an outmoded WHO (CODEX) arsenic acceptable intake of 2.1 ug/kg/d. This was withdrawn in the latest CODEX because it was too close to the cancer effect level and CODEX did not supply a new value. Nature One claims that Dartmouth relied on the 2.1 ug/kg/d value but in fact Dartmouth used 0.3 ug/kg/d (the dose corresponding to USEPA's drinking water std) to compare against. If Nat1 used that target, their baby formula would be in the danger zone, so they chose the withdrawn target instead. The bottom line is that the company's own data make the situation worse, with levels of arsenic in their baby formula 5 to 8 times greater than the USEPA drinking water standard for inorganic arsenic (10 ppb)."""
B002FJM9SU,5,Perfect formula for an organic family,"Love this formula. All of the nutrition, none of the ridiculous crap.<br />My son started to self-wean around 8 months, which was devastating for me since I know the wonderful benefits of human milk for human babies. I researched a TON--from goat's milk, to raw milk, to every formula under the sun. This was the best option I could find. The ease of not having to refrigerate it, combined with it being the closest to human milk as you can get--even down to tasting slightly sweet. Yes, I tasted it.<br />I love that they have a lactose-free option that isn't soy. Soy mimics estrogen and should not be fed to infant boys. Or girls, for that matter.<br />It does tend to be foamy when you shake it up, but we just scooped it off with a spoon--no biggie. Even if we didn't remove the foam, son didn't get gassy from it.<br />I know it says it's a Toddler Formula for 12 months and up, but that is because the company is a proponent of breastfeeding for the first year. I actually think it's admirable for them to do that. This company's obviously not like the mass-market big brands."
B002FJM9SU,1,HIGH ARSENIC LEVELS,"6/10/12 For those interested in the Holle brand of formula, please visit:<br />violey.com<br />At the top of the page please select English and then perform a search for Holle.<br />Please also see the pictures here for the nutritional information for the stage 1 and stage 2 Holle formulas.<br /><br />Please continue to feel free asking questions/concerns, etc in the comments.<br />There is a bunch of info in there, along with other user testimonials, so be sure to check them out, too.<br />---------------------------------------------------------------------------------------------------<br />****As of 2/16/12 since the news of the elevated arsenic levels, we are searching for an alternative.<br />The Nature's One brand of Baby's Only, both Dairy and Soy based formulas, have been mentioned as being the highest of the brands tested.<br /><br />This information was published on several different media sites that I was able to find. Although the scientific results and brands were not released, I've found from several different sources that this brand is far higher than the others, contrary to the statement posted on the Nature's One website.<br /><br />**3/13/12 For anyone interested, we have officially switched to the Holle brand of infant formula. Our daughter has been on this formula for almost 2 weeks, and she took to it right away. There is plenty of information, along with user reviews from around the world, online.<br /><br />Unfortunately, it is not available for sale here in the US.<br />Please see the source I have been ordering from in Germany that offers relatively moderate shipping fees in the comments.<br />If you have any questions about the Holle products, please leave a comment, and I'll get back to you at my earliest convenience.<br />----------------------------------------------------------------------------------------------------------------------------<br />ORIGINAL REVIEW:<br /><br />I ordered this formula because my wife is starting back to school in a couple of weeks, and won't have the ability to breastfeed or pump as she has been doing. I have read much of the info from the manufacture's website, and the many online reviews. Even with the occasional constipation some users have had, we decided to give this a shot.<br /><br />Our 4 month old daughter (wow does time really fly with them) took right to it. My wife tasted the formula, and said it is sweet like breast milk tends to be. We had tried another brand since we get free samples, and it must have been awful. Our daughter didn't like it one bit.<br /><br />We haven't had an issue with constipation, however she is still receiving breast milk, which may be helping with that. We are hoping that my wife will be able to pump enough in the mornings and evening, before and after class, to keep a supply, and only really need to supplement with the formula, which is only twice a day currently.<br /><br />I also really like that the manufacturer is an advocate of breastfeeding, and that is why they label their products for 12+month infants.<br /><br />You also can't go wrong with the 3 pack price that Amazon offers. Plus is comes with free 2 day shipping using Amazon Mom Prime.<br /><br />UPDATE:<br />Our daughter is now on this formula exclusively. She hasn't had constipation issues as other reviews have mentioned. Her bowel movements are firmer, and more solid, which makes clean up easier, and still regular. I wouldn't say she has any pain associated from this though.<br /><br />She still also takes to it wonderfully. There was never any problem with her distinguishing between breast milk and this formula.<br /><br />As a note, Amazon's price on this only saves us 1 cent per can compared to the local Whole Foods price. However, we do not regularly shop at Whole Foods as it isn't very convenient for us. The 2 day shipping is great, and very convenient. Just make sure to stock up while Amazon has it in stock. They seem to sell out quite often.<br /><br />ANOTHER UPDATE: 11/6/11<br />The Amazon price has increased on the 3 pack of this formula. It is no longer feasible to buy from here, so off to Whole Foods we go. Somewhat disappointed, as Amazon was saving us money, and valuable time."
B002FJM9SU,5,The best formula,"After doing months of research on all different formulas, I decided to go with Baby's Only. If you read the overwhelming amounts of positive feedback from satisfied moms, the choice is clear. My baby LOVES the taste of this formula and has already increased her intake of formula by and ounce per feeding. She had been on Gerber Good Start prior and although I wasn't unhappy with it, I wanted to go Organic for her. She would drink the GGS, but she didn't like the flavor and ate a lot less. Now I can tell she is thrilled to drink her milk.<br />I realize there has been a lot of backlash about the arsenic issue back in February, but if you go to the Nature's One website, you can read all of the steps that they have taken to correct this and test for it more stringently. This is a company that makes a very reputable product at a very good price.  I highly recommend it."
B002FJM9SU,3,caused constipation,"I too wanted to love this formula because i believed it was better for my little one.  however, we also experienced issues with constipation.  my poor baby was in so much pain that she would cry.  the smell was good and the consistency was good too, however it just didn't work my baby's tummy.  we have used other formulas and she has not gotten constipated with those.  she has also been exclusively breastfed for about 3-4 months with no constipation issues.  she is now going on 5 months and i am only supplementing here and there with formula."
B002FJM9SU,5,"seems like good quality product, and baby was a fan","I exclusively breastfed my first daughter, but when my second little girl was born, things didn't go as well. We have luckily over come many of our challenges, but we did have to supplement with formula for a little while. This was the formula we chose, and we were very pleased with it.<br /><br />This formula did not cause our daughter digestive issues at all, though we did couple it with Bio Gaia probiotics which we ordered through Amazon and later probiotics from CustomProbiotics. She seemed to like the flavor though it has a less sweet smell than breast milk, and it was not overly thick.<br /><br />There is a lot of information out there on the quality of this formula, and one of the best things about the company that produces it is that they advertise it as a ""toddler formula"" because they support that breastfeeding is the normal way to feed infants for at least their first year. They say to consult your doctor for correct feeding amounts - and I think all of this is a great way to approach formula sales. I have also never seen samples of this brand given out at hospitals which is very helpful for people trying to establish breastfeeding in the early days.<br /><br />If formula is necessary or preferred, this is a great formula - possibly the best out there."
B002FJM9SU,3,"If it works for you, use it","I think, despite anything else, that is formula is the best on the market.  I know all about the arsenic scare, but every single formula out there has at least one thing in it that I would consider to be harmful, whether it be hexane derived DHA, BPA in the packaging, or corn syrup solids as the first ingredient.  So which is the worst offender?  I really wanted to breast feed, but due to being on medication that would be passed into my breast milk and dangerous for the baby, I could not.  So, I began my search for the best formula.<br /><br />I can't give this formula a bad review based on my experience, because if it had worked for us, I would not hesitate to use it.  But it caused terrible constipation, to the point of my poor baby having a little blood come out with the hard stools he passed while on it.  He was in a lot of pain for about a day, and it's just not worth watching him go through that.  I did have fair warning.  Other reviewers said they'd had problems with constipation, but I still wanted to try it.  I thought well, what if it does work for us?  If I didn't try I'd be missing out.  I see now that it was not a good idea to gamble like that.  I don't ever want to see my son suffer to poop like that again.<br /><br />My son is a little over two weeks old.  I had him on Enfamil Newborn, but he was spitting up a ton.  So we tried Enfamil Gentlease, but the first ingredient is corn syrup, and it smells like malt mix.  I didn't feel good about giving him something that was primarily sugar.  He spit that up too.  So, with the wisdom of a new parent (ha-ha), I decided that since he spits up everything in sight and I really wanted him to have organic formula in the first place, I'd try this.  I would have kept him on it without a doubt if he'd tolerated it.  It does smell more like milk than typical formula, and I think the company really does care about their customers and their product.  I don't always like going with the big corporations just because they have been around for 50 years.  But after one day he was screaming to poop, and it was heartbreaking.<br /><br />Finally, I decided to go back to Enfamil Newborn.  Do what works for you.  This might work great when my baby is older, who knows?"
B002FJM9SU,5,"Mom of 2, 2 & under","I found this formula after doing a lot of research 2 years ago.  I was weaning my daughter and wanted to put her on something I felt good about.  At the time, there was a scare regarding most powdered formulas.  Babies Only was one of the few that wasn't affected.  I also appreciated the fact that it didn't smell foul.  I figured if it smelled ok to me, it would be more appealing to my daughter and that proved to be true.  She rejected other powdered formulas, but transitioned beautifully to this one after initially trying some liquid ones that she seemed to like.  I just had a hard time finding it locally.  Only Whole Foods carried it and they were constantly running out.  Fast forward 2 years and when I was weaning my son, I immediately put him on this and he took to it well.  Again, I had trouble consistently finding it locally, so I started using Similac organic. But, as luck would have it, just a month after using it, there was another recall!  It's just too scary how often that happens with the popular brands.  When I started researching alternatives again, I found Babies Only was still the best.  I discovered that Similac Organic had an extremely high sugar content- no wonder my son liked it!  Unfortunately, Babies Only wasn't much more available, but happily I found it here on Amazon and it's basically like buying 2 and getting 1 free, with free shipping.  I just wish I had found this 2 months ago as he's just about ready to get off formula.  Anyway, I LOVE this product.  As a mom who nursed both kids for 10 months, this is the only formula I felt good about giving my kids.  Neither had any problems with digestion, transition, etc. with it.  I highly recommend it."
B002FJM9SU,5,"Used it for my first, will use it for my second!","Prior to finding this formula for my first child (for supplementation, horrible milk supply after working with many professionals) I tried Parent's Choice organic formula (horrible BMs) and used Similac Organic. Similac wasn't too bad, but I still didn't like the ingredients or methods of processing. Once we tried Enfamil and my daughter threw, not spit, threw that nasty stuff up everywhere. After searching for a better alternative, I came across Baby's Only for even a lot cheaper through my co-op. She took to it right away, even spitting it up much less than breastmilk. We used it from a few months old until she was 18 months. My sister then used it for her son to supplement as well, with great results.<br /><br />I went to order it again for our second arriving in a few weeks, when I saw all this hype about arsenic (btw, if you haven't purchased a product, you should not submit a review on it! That's abuse). I immediately freaked out a little at what my alternative would be? Then after reading all of the information out there that I could get my hands on, I decided that this is still the best choice for us. If there is no regulation on something, you cannot just pick out one or two items, test them and scare the nation. You need to see what is in everything else as well and test comparable brands for safety in their ingredients too! Personally I feel a lot safer giving this formula to my child, a company that has not had any incident reports (that I know of) since they have been around, then give my baby a formula that children have gotten sick on and one recently died from. Be it contamination or ingredients.<br /><br />For me there isn't a good alternative. I feel good about Nature's One as a company who strives to do the best for it's customers. They have worked so hard at trying to offer the best formula they can. Even removing as much BPA from packaging as they can, and giving options to parents to choose what to give their babies.<br /><br />I hope this formula will continue to be available and that this issue can be rectified quickly through more testing.<br /><br />Update: I just checked their website and they have further testing that has been done, stating that this formula is safe and levels are far below standards for rice for babies (no standards have been set for formula). Very possible false positives in the Dartsmouth study.<br />[...]"
B002FJM9SU,4,Arsenic? Who do I believe? Can I trust the other formulas? What's next?,"I have supplemented my baby with this formula since birth, he is now 6 mths and I have had no issues with it. He is actually quite advance in his development. When we did experience issue with constipation it was not because of the formula but instead because of the solids we had introduced him to. We gave him both banana and applesauce and later found out that these two fruits cause constipation. We stopped giving him the applesauce and now give him pureed prunes plus mix this in his sweet potato and now his stool is soft once more.<br /><br />&lt;Exhale>..... reports now show that the organic brown rice syrup in this formula contains arsenic, Natures One the company that produces this cereal states that "" Nature's One's California based supplier of U.S. grown organic brown rice syrup uses a qualified, world renowned, third-party, independent lab to test arsenic levels in their organic brown rice syrup.  Their testing results report undetectable amounts of arsenic at laboratory testing limits.  The Environmental Science & Technology extensively tested rice and found California organic brown rice to be the lowest for arsenic [Environ Health Perspective. 2007 June; 115(6): A296].test by a 3rd party""<br /><br />Who do I believe, the reports are showing that its the Baby's Only formula that tested high for the arsenic levels... but then again, is this arsenic report another plot against ""Organic"" foods because the mega growers are loosing money due to many people turning to organic foods or are they correct. The reason I did not initially purchase ""Earths Best"" was because I read that the DHA/ARA in the formula was extracted by use of Toxic Hexane Formula. If I switch from Baby's only to Earths Best am I moving from one evil to another evil?<br /><br />I say a prayer before my baby and I eat. Everything we eat seems to have something added that is not good for us. Does not seem like we can win this fight for good, healthy, safe food. God bless and protect us all."
B002FJM9SU,5,"This is the best, healthiest formula on the market that I could find!","After trying to nurse my son for the first month under very challenging circumstances, I found it necessary to switch to formula. I started with Similac, as that was all I had on hand from offers sent in the mail. I did lots of research and finally settled on Baby's Only Organic Dairy Formula. I have been feeding this formula to my son ever since he was about a month and a half. I give him a little bit of probiotics and vitamin D3 each day--as recommended by my amazing, unique holistic / MD pediatrician, and this has really helped to build his immune system. He also is able to digest his food beautifully! I have read that it is good for babies to get used to lactose, rather than automatically going for the sensitive, lactose free options. I believe that my son might have a tiny bit of difficulty digesting any formula without the aid of probiotics, but with the probiotics, he is able to digest his formula really well.<br /><br />I LOVE this formula! It is the only one on the market that I could find without the unnecessary and deceiving ""DHA/ARA for brain and eye development"" added, which uses Hexane to extract or produce it for use in baby formulas. Baby's only has the natural fatty acids that help the human body to produce it's own DHA/ARA for brain and eye development. The other formula's use this additive in a very deceptive way--basically just as a selling point by making you think it is something your baby won't get unless it's added, which isn't true!<br /><br />Additionally, Baby's Only appears to be a company of integrity, and I love that. They purposefully label this as a toddler formula, simply because they believe mothers should breast feed their babies for the first 12 months, if at all possible. This formula has all of the necessary nutrients for infant development, and it is comparable to any other top one on the market--only it is less expensive, AND organic!<br /><br />My baby boy smells SO good, and his diapers smell like a normal, healthy breast fed baby's diapers. There is no strong or offensive odor as sometimes caused by other formulas.<br /><br />Check out Baby's Only Organics official site by doing a search online for more excellent information on this awesome product! Absolutely recommended for babies of ALL ages! Best wishes to you!"
B002FJM9SU,5,Great Formula!,"I love this formula! It's great for babies and not full of tons of chemicals and waste.  I started my daughters on this formula to supplement because I couldn't keep up with her appetite. Other formulas taste HORRIBLE, and had a bad metallic taste. This formula tastes much better and smells better too. My child didn't have any problems with constipation but her BM's where much more pasty compared to the watery breast milk ones. If you do feed this is an infant make sure you give them a **VITIAMIN D SUPPLEMENT**. This formula does not contain enough vitamin d, but and neither does breast milk (so no biggie). But it has just enough and (in most cases) more vitamins than other formulas! It's nice to know you're not giving your baby crap. I would recommend this, BUT do not go with Earth's Best, it contains hexane which is dangerous for babies. My only complaint would be that it is foamy, but if you let it sit for a few minutes then it goes away. :)"
B002FJM9SU,2,Constipation,"We have a 7 week old and his stool was extremely hard and dry after using this formula. I very much wanted it to work, but be careful with it...our child was wincing in pain with each bowel movement. That can eventually lead to fissures and blood in the stool. Maybe if he were older he could handle this formula...real bummer:("
B002FJM9SU,5,Still using and still happy,After much debate over the brown rice syrup and detailed reports of arsenic we have decided to stick with this product and are ultimately VERY happy with it.  My daughter has not handled other formulas as well (either stomach cramps or runny poo) and I do not produce enough milk to sustain her on breast milk alone.
B002FJM9SU,3,Terrible constipation!,"It's a great formula, I just wish that it worked for my little guy. My son went 4 days with out a bowel movement and sat crying for the next two days. It was the worst thing ever!!! I gave him fruit as well as cod liver oil but it didn't seem to work at all. I'm talking rock hard poo's that made my son experience a lot of pain! I would be very reluctant to use this formula again until he's much older and using this as just a supplement once in awhile with food. For now he is mostly on formula with a few little snacks here and there. I'm back to using Earths Best, since it seems to make my guy healthy. Sorry Baby's Only I really did try to love you!"
B002FJM9SU,4,Best Alternative to Breast Milk that I Have Found,"I planned to nurse my twins exclusively.  However, after hospitalization with pneumonia, CT scan, and hospitalization for a major surgery, I was going through my frozen supply of breast milk quickly.  I realized that we would need to start doing one feeding per day in order to not run out.  I have not been able to get my supply back yet, so we are still using formula once/day.<br /><br />I knew I wanted to choose an organic formula.  I found that Earth's Best was most accessible, and I found that Baby's Only was less accessible but easy to find online.  I immediately started researching.  Please do your own research as things change and information is not always accurate, but here is what I found in my search.<br /><br />First I looked at BPA.  BPA is leached into liquid formula.  Both Earth's Best and Baby's Only are powdered, but I looked into it anyway.  Earth's Best uses BPA in the lining of its metal cans.  Baby's Only has BPA-free packaging.<br /><br />Next, I looked into percholate (jet fuel component that has been found in many types of formula).  The CDC did not have Earth's Best or Baby's Only in its testing results that I could find.  I found in other places on the internet that neither of these contain percholate.<br /><br />Earth's Best contains DHA and ARA for brain development.  Baby's Only sells DHA and ARA in little packets so you can mix them into the formula, sprinkle on cereal, etc.  I read further into the extraction process by Cornucopia Institute (a dot org site).  Earth's Best uses an extraction method to get the DHA/ARA that involves the chemical hexane as well as a bleaching and deodorizing process.  Baby's Only uses a water process.<br /><br />After this, I went with the Baby's Only.  I was worried my twins wouldn't take it after only drinking breast milk for 7 months, but they love the taste of it.  Also,  Baby's Only is listed as ""Toddler Formula"" on the can, but it is also for babies.  The company just promotes that breast milk is best for the first year.  You can buy it online in bulk 12 or 24 at a time to get the best price.<br /><br />The formula gets a little bubbly when you mix it up.  I have found that if I whisk it with a small amount of water then add the rest of the water it keeps the bubbles to a minimum.  Otherwise, the bubbles aren't a big deal anyway.  They typically float to the bottom of the bottle (during feeding when it is upside down), so I don't let the babies drink that part to avoid gas.<br /><br />I hope this helps someone.  I spent a lot of time finding a formula I was comfortable with.<br /><br />UPDATE:  With all of the information that has come out about arsenic, that is on my radar as well.  Baby's Only's first ingredient is Organic Brown Rice Syrup, which has been the topic of arsenic studies.  I contacted Baby's Only and was pleased with the quick response the same day.  I got a follow up email a few weeks later saying Baby's Only had independent testing done on its formula and it was declared ""safe.""  I tried to understand the testing and tolerances in the studies, but it was a bit over my head.  Apparently the Dartmouth study did not use acceptable testing methods which are prone to false positives of arsenic due to sugar carbons.  However, I still have concerns.  Earth's Best does not contain Organic Brown Rice Syrup.  I guess that leaves me wondering which is worse--BPA and hexane or supposedly-safe levels of arsenic.  It is very frustrating!"
B002FJM9SU,1,three brown hairs found in the formula!,I've been buying this formula for 3 months and my daughter likes it more than the other brands we tried before. But today opening one of the cans from the latest delivery by amazon I found three brown hairs in the powder! This makes me very concerned about the quality control of this product. And I wonder whether I should continue using it.<br />If it were not for this incident I would have rated this formula as 5*.
B002FJM9SU,3,Really really wanted to like this formula,"My little one is lip tied and I have had to pump for her, and I sometimes needed a mommy break and so we began supplementing her. We were using Gerber Goodstart Protect, with no issues really except it smells terrible. I wanted her to have something more natural, so at 4 months, we began to transition her to this formula.  It smells like real food! I love the ingredients compared to the Good Start, hence my rating as high as it is, but oh my goodness, the constipation is horrid! Her poos are hard hard hard. Like, way harder than when they start eating solid food! completely formed and don't even stick to the diaper at all. My pediatrician has had me start adding more water to her bottle vs powder, and giving her pear juice. So far it's not helping, maybe I'm not doing enough of it. I don't want to be feeding her too much empty juice calories though.  I don't want to give up on this formula, as it's so much more natural, but my seeing my little baby screaming her way through a poo is not okay."
B002FJM9SU,5,An amazing formula option,"Both of our sons loved (and love - our 11mo) Baby's Only formula.  Neither would drink Earth's Best - no wonder if you taste or smell them as they are very different.  We have not tried any of the other organic formulas.  I was pleased with Baby's Only ingredients (and price) and our boys have thrived on it.  Similar to breast milk, it does not stain either.  I hate that Whole Foods stopped carrying it because of the false arsenic claims.  Even after more research proving otherwise, they have not started carrying again, so we always have to watch our supply and make sure we order more before we run out!"
B002FJM9SU,5,Wonderful formula!,"After my sister-in-law struggled to produce enough milk following breast surgery, she finally had to switch to infant formula. We researched formulas and finally settled on this one. My nephew you loved it and has thrived on this formula. As far as the arsenic concerns, the sugar content in brown rice syrup can create false positives on certain lab tests for arsenic. Duke University used a control with much lower levels of sugar in it and tested on equipment not capable of the very sensitive testing required for this sort of comparison. It was honestly very irresponsible of them to declare their finding accurate. It has been show through specialized testing their findings were completely inaccurate. That being said I am sure Natures One will be going out of their way now to find brown rice with even lower levels of arsenic. I will not hesitate to use this product with my own infant due in October."
B002FJM9SU,5,babys only is the best formula on the market hands down!,"I did so much research as to what formula will be best for our child. We wanted to choose organic definately and was willing to pay the cost. Then we came across this brand and instantly fell in love. I love the fact that they support breast feeding and insist babies be fed just that for first year but ofcourse we all know it is not always as easy as it sounds. I breast fed my baby for first 6 months exclusively and pumped exclusively as she would never latch. When I weaned him off breast milk, we started him on babys only organic formula. our son love it! He has never had any problems with it. No constipation at all infact he goes x2-x3 daily. I have also read some bad stuff on internet such as the recent study  condeming this formula and yet I still stand by it and will continue using it. I would say to the company, keep on making good formula for little ones but if at any chance you are thinking or doing any harm to our little ones, you must stop immediately as we all have faith in you. i bought my formula on amazon it is definately much cheaper than other places"
B002FJM9SU,2,constipation constipation constipation,"I never bothered to write a review although i shop at Amazon a lot, but in this case, it concerns my child's health, so I have to write one. This is the best formula for its ""organic""-ness and taste. But it caused ""serious"" constipation to my baby. She was in so much pain when passing stool, and when the stool finally came out, it was so hard and firm, no wonder. I plan to stop it immediately and switch to other formula, I simply can not put my baby under such horrible condition. So try it for a few days to see if it works for your baby, if it does, great! if it does not and cause constipation, stop immediately."
B002FJM9SU,1,Horrible on the Stomach,"I read the reviews and thought I would try the formula even though there were some complaints of constipation, my daughter is on prophylaxis antibiotics and I hoped that would even it out. The first day was okay, I guess she still had some of her previous formula still in her system. Days 2-6 got worse and worse. Day 2 started the constipation which continued into day 3. Days 4-6 there was no bowel movement and my daughter's stomach was rock hard. After her crying at the top of her lungs I gave up on the organic formula and switched her back to her previous formula. Within 2 bottles she had 3 bms. Her stomach may have evened out if we kept her on it longer, however I could tell she was hurting and did not want to try any longer.<br />FYI: Amazon was great and issued a refund so it was worth a try, it just didn't work out for us"
B002FJM9SU,5,Taking recent reports with a grain of salt,"Due to a nurse recommendation,  we started our baby off on RTF (Ready to Feed) ProSobee until we read about it having the highest BPA concentration in their cans of all RTF formulas. The report from Enfamil stating that ""people only use RTF formulas infrequently, and primarily use powder formulas"" confirmed they didn't really care.<br />A little more research showed that Soy has high concentrations of Aluminum and Estrogen, neither of which did we want for our Baby Boy. Thus we decided to try switching to a dairy-based product.<br />After EXTENSIVE research, taking into consideration BPA levels, flouride levels, melamine concerns, and corn syrup, our list quickly shrunk to Earth's Best and Nature's One.  Nature's One appeared better since Earth's Best uses hexane to extract their DHA, however the constipation reports with Nature's One convinced us to try Earth's Best first, especially since our baby was only 4 months old.<br />After a week of transition to Earth's Best (1 can), our baby was having trouble sleeping through the night, his stool was loose and green, he had a fussy tummy, and we were wondering if he had a milk allergy. Since several reviews had mentioned babies quickly taking to Nature's One, we decided to give it a try before switching back to Soy.<br />Right off the bat, Nature's One mixes so much easier and more completely with water than Earth's Best did. It doesn't clump, looks cleaner and tastes MUCH better (yes, we both tried it). It didn't surprise us when our son immediately took to it. Additionally, however, to our amazement and delight, his stool firmed back up, was no longer green, and he started sleeping through the night again!  5 days later... the reports of arsenic popped up on every news channel possible. Argh!<br />From the research available, it appears Nature's One is the only manufacturer that doesn't use some form of corn syrup, melamine, nor hexane. They also appear to use the most expensive ingredients, yet provide a very affordable product (it's comparably priced to the mass-produced brands).  We were disappointed to hear of this new concern, but are taking the recent reports with a grain of salt. Here's why:<br />1) California-grown Brown Rice has 41% lower arsenic levels than other US-grown Brown Rice<br />2) These tests were done at one University, who didn't specifically name Nature's One Baby's Only (possibly so they can't be sued?)<br />3) The tests showed inorganic arsenic levels ""as high as"" twice the limits allowed in US drinking water (10 parts/billion), yet the levels shown to cause harm were in water supplies 35 times this level. What does ""as high as"" mean? Did they run the test 100 times, and it came up that high once? Extraneous data points are generally thrown out in scientific studies. How were these tests tabulated?<br />4) The alerts were MUCH higher for the other products tested (energy bars, etc) which had 20+ times the limits allowed in US drinking water.<br />5) Which is worse? Still-quite-low amounts of arsenic, or the only alternatives which contain melamine, aluminum, BPA and/or hexane.<br />6) Are these recent reports an attempt to halt a shift of buyers away from these other brands? Maybe not, but...<br /><br />In any case, for now we're sticking with this product. Ultimately, our baby's digestive system seems to prefer it, he REALLY likes it, and it still seems to be the best/safest option available. I just hope they don't go out of business as a result of this mass-scare..."
B002FJM9SU,1,BE AWARE: Loved this formula UNTIL the arsenic research came out,"Studies show high levels of arsenic in this formula due to the organic brown rice syrup.  Nature's Only is refuting the studies that show that the arsenic levels are a concern, but I think they are making small talk of a big problem.  On their website, they are talking about ""adult"" exposure.  As any parent knows, a child's body (and digestive system, and metabolism) are vastly different from an adult's.  Children are developing, and take in a much higher amount of calories vs. body mass, and are much more heavily influenced by toxins in their developing system.  Nature's own comparing it to an average adult intake in water is almost comical if it is supposed to be reassuring, it is like comparing cherries to grapefruit.  I'm upset that I purchased a 3 pk immediately before the studies came out, and would like to get my money back.  My daughter is 14 months and no longer 'needs' a formula supplement, so we will forego it, all of the regular types you find on the store shelves smell awful, and are full of concerning ingredients, so we are just going to go pure and simple with organic dairy and goatsmilk products instead."
B002FJM9SU,3,I so wanted to love this stuff :(,"My baby had been on other name brand formulas for a few months with no problems when I read that many of those formulas are made with corn byproducts and corn syrup solids. I am worried about childhood obesity and since I was physically unable to nurse after 6 weeks (mastitis took my supply), I wanted a healthier option. Enter Baby's Only. Moms had raved about it online and I could get it locally at our Whole Foods. Moms had also conversely said it constipated their babies so I was cautious. I mixed it appropriately and boom. Within 2 bottles-worth, my infant was constipated.  I thought it would be ok and we could work through it but it ended up constipating him so badly that I had to start giving him pear juice and extra water to ease it. But I kept with it because he has always had stomach issues and I thought it would work itself out.<br /><br />Then we went to my mom's and I bought a different name brand formula, because I was out of the BO. And boom, the opposite. He pooped and pooped and pooped after only 1 bottle of the different formula. I knew then that I had no other choice but to go back.<br /><br />Pros- smells great, more like milk than some of the other formulas. My baby really liked the taste.<br />Is truly healthy for baby (I believe).<br /><br />Cons- constipation, constipation, constipation.<br /><br />I really wanted this stuff to work but I just can't keep buying it knowing it makes my baby sick. :("
B002FJM9SU,5,Don't believe the hype people!! Please don't give up this company!,"This formula is the best out there. Don't be a media-hype sucker. The media are well paid to produce unnecessary hysteria by big business like Hain Celestial Group who happen to produce EVERY organic baby formula including the store brands, except Nature's Only. A little convenient no? Look, EVERY piece of produce you eat, organic or not, and anything produced from that produce has arsenic along with many other heavy metals in it, from past pesticide abuse. Your tap water, well water, even the bottled spring water and juices you drink have more arsenic in them in some cases than this formula. The Dartmouth Doctor who did the testing has admitted as much plus stated the testing they used has an inaccuracy of up to 40%! They did not use the government standard. To boot the other formulas use corn syrup which was recently found to have high levels of mercury and that stupid Life's DHA which is derived from algae using horrible chemicals like hexane. You are telling me that's safer?<br />My daughter has thrived on this formula. I have never had to switch her from anything. Once I stopped breastfeeding, I went right to this and have never had issues. My older son on the other hand, I had to switch the big brand formulas like five time to finally have one that didn't make him sick with digestive issues and colic plus eczema! By that point he was almost off of formula. I swore I would not make the same mistake again and I fully trust and believe in this formula.<br /> I am so tired of this world's misinformation for financial gain at the cost of our health. Please do some research about EVERYTHING you put in your and your children's mouths before you put it in you. The reality is that this one news story has possibly permanently damaged a reputable small business trying to feed our kids right."
B002FJM9SU,1,News and report links - arsenic found in this type of baby formula,"UPDATE: Diane Sawyer of ABC World News Tonight did a whole segment on this and identified Nature's One as the formula tested. Dr Richard Besser, Chief Health and Medical Editor says that with ""infants and children, and developing brains and bodies, doctors simply do not know what levels of arsenic are safe... there are currently no standards in place today"". He also addresses Nature One's response. Andrea Rock of Consumers reports also weighs in on this news story. See comments section for all links.<br /><br />This the original article, published by Environmental Health Perspectives. The full study can be down loaded on the same page using the links on the upper right hand side.<br /><br />Title: ""Arsenic, Organic Foods, and Brown Rice Syrup""<br />Corresponding Author: Brian P. Jackson, Brian Jackson, Ph.D., Director, Trace Element Analysis Core<br />Dartmouth College, Hanover, NH, 03755<br />Other authors: Vivien F. Taylor, Margaret R. Karagas, Tracy Punshon, Kathryn L. Cottingham<br />Date: Published online February 16, 2012<br />Full contact information for the corresponding author, phone, fax, e-mail etc is found on page 2 of the study.<br /><br />***<br /><br />I was looking for a formula for my toddlers and was shocked to learn today that those made with organic brown rice syrup contain particularly high levels of arsenic, compared with products without this syrup.<br /><br />Seventeen baby formulas were tested in the Darmouth College study. According to the Today show, ""Two of the infant formulas contained organic brown rice syrup as their primary ingredient. These products had arsenic levels 20 to 30 times that of the other infant formulas.. The amount of arsenic consumed by an infant could be significant depending on which formula they drank.. arsenic exposure early in life may increase the risk for health problems later on.""<br /><br />The study, published in Environmental Health Perspectives, indicates that organic infant milk formula containing OBRS as the primary ingredient had total concentrations up to six times the EPA safe drinking water limit.<br /><br />The formulas tested were not named but a quick search turned up that Baby's Only organic toddler formula - both dairy and soy - uses brown rice syrup as its main source of carbohydrate. I for one will be passing on this product."
B002FJM9SU,5,Good formula option.,"I breastfeed probably 90%-95%. I bought this formula for the few occasions when I need to leave my baby and I don't have any pumped breastmilk. I was going to buy the Earth's best brand until I read the reviews and discovered that the DHA that is added to it (and all other formulas that have DHA) is extracted using a dangerous chemical called Hexane. Of course the manufacturer claims that all of it is evaporated, but why take a chance."
B002FJM9SU,5,Pediatrician Ok'd -- Great for my baby,"I recently started using this formula as a supplement to breastfeeding for my 9 month old. I did a lot of research before making the decision. For me, the use of brown rice syrup rather than corn syrup or sucrose was a plus, as was the fact that this formula does not include hexane-produced dha. This formula also seems much closer to breastmilk than other formulas we considered (taste and smell) and my daughter has had no issues with it's addition to her diet. Of course, I was concerned about the recent reports of ""high"" arsenic levels and temporarily stopped giving the formula to my daughter until I could discuss the issue with our pediatrician. Our pediatrician has been following the issue and has no concerns about the safety of this formula, so we will continue to use it. Do your research and talk to your doctor. Also, be wary of internet claims -- some reviews have stated that this formula was recalled in Canada. I have tried to locate information about this alleged recall, and I can't find anything about it."
